id,name,nationality,city
0,Kiana Lor,China,Suzhou
1,Joshua Lonaker,United States of America,Santa Clarita
2,Dakota Blanco,United States of America,Oakland
3,Natasha Yarusso,United States of America,Castro Valley
4,Brooke Cazares,Brazil,São José dos Campos
5,Rochelle Johnson,United States of America,Indianapolis
6,Joey Abreu,China,Shenyang
7,Preston Suarez,Brazil,São Paulo
8,Lee Dong,Philippines,Manila
9,Maa'iz al-Dia,Turkey,Istanbul
10,Maja Nicholson,United States of America,Dallas
11,Sasha Jansen,United States of America,Chicago
12,Alexander Sherman,United States of America,Omaha
13,Edgar Sanchez,Mexico,Tijuana
14,Kolbi Strunk,United States of America,Mission Viejo
15,Brittany Sath,Japan,Tokyo
16,Meggan Smith,United States of America,Los Angeles
17,Ericka Arreola,Mexico,Mexico
18,David Pulc,Canada,Toronto
19,Kyle Luckey,United States of America,Moreno Valley
20,Rojesh Her,Japan,Tokyo
21,David Weber,China,Peking
22,Rachel Jambor,United States of America,Chicago
23,Mus'ab al-Moustafa,Pakistan,Rawalpindi
24,Sila Nguyen,China,Hebi
25,Samantha Hicks,United States of America,Santa Barbara
26,Angela Harding,United States of America,Manteca
27,Brandon Barbour,United States of America,South Hill
28,Reilly Wagar,United States of America,Modesto
29,Victoria Ibarra,Dominican Republic,Santo Domingo
30,Dakota Wirth,United States of America,Sacramento
31,Lauren Klocker,United States of America,Los Angeles
32,Michael Benson,United States of America,Phoenix
33,Sean Rozga,United States of America,Los Angeles
34,Cody Vermeylen,United States of America,Detroit
35,Kinaana al-Jamail,India,Kanpur
36,Daniel Garcia,Peru,Lima
37,Katrina Saito,Japan,Tokyo
38,Joshua Galloway,United States of America,New York
39,Aylin Mendoza,Mexico,Mexico
40,Sharon Fyfe,United States of America,Los Angeles
41,Afnaan el-Mohammed,India,New Delhi
42,Jesse Williams,Russian Federation,Moscow
43,Kenny Fukushima,Japan,Tokyo
44,Tawnie Glaisher,United States of America,Fremont
45,Britany Stevens,United States of America,Lafayette
46,Alan Trinh,Japan,Tokyo
47,Zoe Kern,United States of America,West Jordan
48,Sidney Beavers,United States of America,Los Angeles
49,Miriam Aguilar,Mexico,Mexicali
50,Issac Mata,Mexico,Tehuacán
51,Hannah Uren,United States of America,Los Angeles
52,Zachary Bradley,Spain,Madrid
53,Moira Buttitto,United States of America,Los Angeles
54,Nicole Humpal,United States of America,Walnut Creek
55,Georgia Williams,United States of America,Memphis
56,Connor Ferry,United States of America,Charlotte
57,Amanda Tatum,United States of America,San Diego
58,Cameron Steinberg,United States of America,Los Angeles
59,Shuraih el-Karim,Pakistan,Khalabat
60,Katelyn Sharp,United States of America,Los Angeles
61,Colin Lemont,China,Shanghai
62,Donald Nevins,United States of America,San Jose
63,Macaela Kadillak,United States of America,Los Angeles
64,Brittany Pratt,United States of America,San Diego
65,Cameron Hancock,Poland,Warsaw
66,William Grevious,United States of America,Stockton
67,Lindsey Job,United States of America,Los Angeles
68,Gabrielle Smith,Korea (Republic of),Seoul
69,Allison Brink-Lomme,United States of America,Portland
70,Sheyenne Delgado-Manzanares,Cuba,Manzanillo
71,Joseph Smith,United States of America,Sacramento
72,Fikra al-Mina,India,Bombay
73,Aurelia Davis Ingham,United States of America,Roseville
74,Taylor Elstun,United States of America,San Diego
75,Joseph Snider,United States of America,Los Angeles
76,Sourinthone Tran,China,Wuhan
77,Ibrahim al-Sawaya,Tunisia,Manzil Tamim
78,Alexandra Levy,United States of America,Los Angeles
79,Macie Nguyen,Japan,Tokyo
80,Sean Tegtman,United States of America,Kettering
81,Casey Vanden Bos,United States of America,Los Angeles
82,Staci Maes,Mexico,Mexico
83,Luke Davey,United States of America,Los Angeles
84,Harper Wheeler-Marques,United States of America,San Diego
85,Sherleen Saravanan,Myanmar,Rangoon
86,Myles Vaught,United States of America,Waukegan
87,Juan Guerrero Camacho,Mexico,Mexico
88,Lindsey Freund,United States of America,New York
89,Savannah Clark,United States of America,Visalia
90,Bradley Monsell,United States of America,New York
91,Daisha Schmidt,United States of America,Boulder
92,Airabella Koontz,United States of America,Dallas
93,Hailey Malle,Russian Federation,Nizhniy Novgorod
94,Devon Miranda,Colombia,Pereira
95,Danielle Nguyen,Japan,Tokyo
96,Mateo Cisneros,Brazil,Foz do Iguaçu
97,William Pablo,Japan,Kashiwara
98,Jason Hundsdorfer,United States of America,Los Angeles
99,Antonio Desai,Japan,Kawasaki
100,Rachel Bakeman,United States of America,Phoenix
101,Mamdooh el-Moustafa,Pakistan,Karachi
102,Lindsey Carter,United States of America,Redwood City
103,Duncan Kruse,United States of America,Santa Ana
104,Callahan Foster,Canada,Toronto
105,Jamie Ortiz,El Salvador,Nueva San Salvador
106,Ryan Barrett,United States of America,Chicago
107,Samuel Palmer,United States of America,New York
108,Riley Mcloughlin,United States of America,Los Angeles
109,Aimee Apelyan,United States of America,Joliet
110,Maryah Falloon,United States of America,Phoenix
111,Lucille Mitchell,Canada,Edmonton
112,Christian Zambrano-Munoz,Mexico,Mexicali
113,Bryce Vaillancourt,United States of America,Pomona
114,Brandilyn Collins,United States of America,Los Angeles
115,Konner Gearhart,United States of America,New York
116,Andrew Houghton,United States of America,Spokane
117,Marisa Ramey,Mexico,Mexico
118,Magdalynne Noah,United States of America,New York
119,Megan Salamena,United States of America,Los Angeles
120,Meghan Arnold,Russian Federation,Saint Petersburg
121,James Rice,Canada,Toronto
122,Wesley Nunn,United States of America,Los Angeles
123,Gareth Newkirk,United States of America,Los Angeles
124,Austin Harline,United States of America,Las Vegas
125,Courtney Martinez,Mexico,Aguascalientes
126,Alexandra Graham,United States of America,Los Angeles
127,Alexander Swearingen,United States of America,Los Angeles
128,Brandy Waldner,Germany,Zülpich
129,Coleman Keelen,Spain,Callosa de Segura
130,Casey Buhr,United States of America,Phoenix
131,Shauna Sneed,United States of America,Burlingame
132,Caitlin Dean,United States of America,Philadelphia
133,Andrew Kirin,United States of America,Odessa
134,Nadia Minks,Russian Federation,Moscow
135,Ivy Lucero,Brazil,São Paulo
136,Kevin Curry,United States of America,Phoenix
137,Charles Cramer,United States of America,East Los Angeles
138,Emily Warner,United States of America,Lodi
139,Mckenzie Haycock,Canada,Toronto
140,Faviola Soto,Mexico,Cortazar
141,Stephen Wharton,Mexico,Tuxtla Gutiérrez
142,Alexandria Fortner,United States of America,Phoenix
143,Savannah Kivett,United States of America,Colorado Springs
144,Tanner Jones,United States of America,Stockton
145,Luisa Bautista,Mexico,Mexico
146,Juhaina al-Bilal,Bangladesh,Dhaka
147,Siena Ingram,United States of America,Henderson
148,Alondra Gardea Corral,Mexico,Ensenada
149,Vincent Webster,United States of America,New York
150,Abdul Jabbaar el-Abdul,Egypt,Cairo
151,Patrick Carnes,United States of America,Mesa
152,Shawn O Bryan,United States of America,Fairfield
153,Jenna Whitney,United States of America,San Diego
154,Kaitlin Krueger,United States of America,Los Angeles
155,Jaime Mikesell,United States of America,Los Angeles
156,Katelynn Andrie,United States of America,Kansas City
157,Maryn Manzanares,United States of America,Laguna Hills
158,Colleen Kohout,United States of America,Philadelphia
159,Daniel Spurlin,United States of America,San Jose
160,Trevor Bulba,United States of America,Chicago
161,Jordan Burkhamer,United States of America,San Jose
162,Rebecca Ah Fat,China,Tangshan
163,Christopher Jacobo,United States of America,Los Angeles
164,Min Singal,Japan,Tokyo
165,Corey Rademacher,Ukraine,Chernihiv
166,Alexander Reed,United States of America,Los Angeles
167,Dalen Whiting,United States of America,Carrollton
168,Chelsea Persky,United States of America,San Bernardino
169,Karla Taylor,Mexico,Mexico
170,Kaden Yates,United States of America,Salinas
171,Maimoona el-Soliman,Turkey,Ankara
172,Aaqil el-Hashemi,India,Bangalore
173,Sean Bruso,United Kingdom,London
174,Andrew Bishop,United States of America,Los Angeles
175,Zahraaa el-Yousef,India,Hospet
176,Surya Ky,China,Tangshan
177,George Mann,Russian Federation,Moscow
178,Latino Calderon,Mexico,Hermosillo
179,Baylen Cloutier,United States of America,Phoenix
180,Nicole Torres-Valadez,Brazil,Rio de Janeiro
181,Addie Villavicencio,United States of America,San Jose
182,Billy Jack Bestle,United States of America,Baltimore
183,Isabella Martinez,Colombia,Bogotá
184,Kimberly Thielke,United States of America,Los Angeles
185,Adrian Miguel-Gomez,Colombia,Medellín
186,Kayla Sales,United States of America,Quincy
187,Haafiza al-Attar,Morocco,Rabat
188,Juanita Medina,Mexico,Mexico
189,Emma Kim,China,Hengshui
190,Mckayla Dopler,Netherlands,Kerkrade
191,Jonathan Nevarez,Mexico,Mexico
192,Roger Redfern,United States of America,Los Angeles
193,Hannah Critchfield,United States of America,New York
194,Chue Fue Richter,China,Qiqihar
195,Joshua Mesan,United States of America,San Jose
196,Dylan Bell,United States of America,Tucson
197,Troy White,United States of America,New York
198,Sabaaha al-Latif,India,Bangalore
199,Grant Walden,United States of America,San Diego
200,Kitty Nguyen,Japan,Tokyo
201,Tyler Kibel,United States of America,Santa Ana
202,Kyler Overboe,United States of America,Chicago
203,Alexander Lizama,Brazil,Belo Horizonte
204,Aaron Knott,United States of America,Santa Ana
205,Jessica Greenberg,United States of America,Joplin
206,Lexi Hatton,United States of America,Los Angeles
207,Jesse Hodapp,United States of America,Danville
208,Andrew Brunelli,United States of America,New York
209,Makenzie Swann,United States of America,Stockton
210,Carlos Anaya,Mexico,Mexico
211,Felipe Martinez Acosta,Chile,Santiago
212,Emma Casias,United States of America,Rochester
213,Adolf Malik,Korea (Republic of),Seoul
214,Christian Chow,China,Handan
215,Asad el-Yacoub,India,Thana
216,Holly Marshall,United States of America,San Francisco
217,Brandilyn Hanselman,Russian Federation,Chelyabinsk
218,Nicole Patria,China,Chongqing
219,Kyler Grieshaber,United States of America,Cohoes
220,Jasper Stang,United States of America,Sacramento
221,Anthony Visocsky,United States of America,Santa Rosa
222,Jake Seime,United States of America,Reno
223,Dasha Bannock Lee,United States of America,San Diego
224,Anthony Mcdevitt,United States of America,Los Angeles
225,Darby Focken,United States of America,Hinsdale
226,Abigail Gallegos,Brazil,Belém
227,Patricia Rockhold,United States of America,San Francisco
228,Kylie Schafer,United States of America,Houston
229,Katherine Beatty,United States of America,Los Angeles
230,Melissa Bickel,United Kingdom,London
231,Rachel Boh,United States of America,Roseville
232,Anna Yoshimura,China,Rizhao
233,Joseph Hazelton,United States of America,Oakland
234,Tiffany Nguyen,Thailand,Bangkok
235,Ryan Tyler,United States of America,Los Angeles
236,Max Flores,Mexico,Tijuana
237,Veronica Tounzen,Mexico,Tijuana
238,Haley Ingrim-Hyrup,United States of America,Fontana
239,Kayla Sandefur,United States of America,Los Angeles
240,Rylee Onstott,United States of America,Los Angeles
241,Kelli De Bartolome,United States of America,San Francisco
242,Thomas Chanlynn,United States of America,Bay Point
243,Andrew Yelich,United States of America,Boulder
244,Dimitri Castillo,Colombia,Dos Quebradas
245,Matthew Strasburger,United States of America,Los Angeles
246,Vittoria Faulkner,United States of America,Chicago
247,Tyler Goetz,United States of America,Los Angeles
248,Tyler Weller,United States of America,New York
249,Terri Mergelman,United States of America,Los Angeles
250,Abigail Orgeron,United States of America,Prior Lake
251,Jessica Huynh,Korea (Republic of),Seoul
252,Kyle Blanscet,United States of America,Sabattus
253,Ronald Toth,United States of America,Los Angeles
254,Branden Cantrell,United States of America,Phoenix
255,Hannah Ratterman,United States of America,Los Angeles
256,Alexandria Winter,United States of America,New York
257,Ryan Russell,United States of America,Vacaville
258,Logan Nighswonger,United States of America,Los Angeles
259,Zaghlool al-Pasha,India,Deoria
260,Madeline Kremke,United States of America,Montgomery Village
261,John Ferry,United States of America,Long Beach
262,Michelle Goldanloo,United States of America,San Diego
263,Ryan Heidebrecht,United States of America,San Jose
264,Murtidevi Chung,Japan,Tokyo
265,Arely Rodriguez,Mexico,Morelia
266,Taylor Stone,United States of America,Reno
267,Melody Bowyer,United States of America,Baytown
268,Bryant Ronquillo,Mexico,Aguascalientes
269,Garrett Heim,United States of America,Mobile
270,Cody Amen,United States of America,Las Vegas
271,Jasmine Lopez,Brazil,Guaxupé
272,William Tierney,United States of America,New York
273,Matthew Sputh,United States of America,Modesto
274,Brenna Chapman,United States of America,Las Vegas
275,Blake Loughran,United States of America,San Francisco
276,Michael Melendrez,United States of America,Shreveport
277,Katie Abercrombie,United States of America,Stockton
278,Justin Krause,United States of America,Independence
279,Jennifer Hauge,United States of America,Los Angeles
280,Tiffanie Her,Japan,Tokyo
281,Dyllan Paige,United States of America,Sugar Land
282,Cole Hathcoat,United States of America,Lemoore
283,Jesse Carballo,Colombia,Bogotá
284,Robert Podolski,United States of America,Oakland
285,Viridiana Ballesteros,Brazil,Alfenas
286,Michael Griffin,United States of America,New York
287,Chad Klemp,United States of America,San Diego
288,Weldon Hightower,United States of America,New York
289,Daniel Pierce,United States of America,New York
290,Michaela Schoenbeck,United States of America,Rexburg
291,Charles Prose,United States of America,Miami
292,Brittany Kemmerzell,United States of America,New York
293,Taryn Springfield,Canada,Vancouver
294,Matthew Obourn,United States of America,San Diego
295,Travis Poss,United States of America,Los Angeles
296,Brittany Fernandez,Mexico,Zamora
297,Cody Smith,United States of America,Charlotte
298,Nicolas Papp,United States of America,New York
299,Christopher Inhulsen,United States of America,Fort Worth
300,Tessa Rawanduzy,United States of America,Derby
301,Vanessa Gonzalez,Nicaragua,León
302,Austin Haas,United States of America,Columbus
303,Madison Fithian,United States of America,Los Angeles
304,Zachary Mulvahill,United States of America,Los Angeles
305,Eliana Michelsen,United States of America,Oakland
306,Dane Whittemore,Canada,Toronto
